Time,"STREAMS(""FEED"").Fv","STREAMS(""DIST"").Fv","STREAMS(""BOTTOMS"").Fv"
Hours,m3/hr,m3/hr,m3/hr
0,115.935,55.887,66.1199
0.01,115.935,55.887,66.1199
0.02,115.935,55.887,66.1199
0.03,115.935,55.887,66.1199
0.04,115.935,55.887,66.1199
0.05,115.935,55.887,66.1199
0.06,115.935,55.887,66.1199
0.07,115.935,55.887,66.1199
0.08,115.935,55.887,66.1199
0.09,115.935,55.887,66.1199
0.1,115.935,55.887,66.1199
0.11,115.935,55.887,66.1199
0.12,115.935,55.887,66.1199
0.13,115.935,55.887,66.1199
0.14,115.935,55.887,66.1199
0.15,115.935,55.887,66.1199
0.16,115.935,55.887,66.1199
0.17,115.935,55.887,66.1199
0.18,115.935,55.887,66.1199
0.19,115.935,55.887,66.1199
0.2,115.935,55.887,66.1199
0.21,115.935,55.887,66.1199
0.22,115.935,55.887,66.1199
0.23,115.935,55.887,66.1199
0.24,115.935,55.887,66.1199
0.25,115.935,55.887,66.1199
0.26,115.935,55.887,66.1199
0.27,115.935,55.887,66.1199
0.28,115.935,55.887,66.1199
0.29,115.935,55.887,66.1199
0.3,115.935,55.887,66.1199
0.31,115.935,55.887,66.1199
0.32,115.935,55.887,66.1199
0.33,115.935,55.887,66.1199
0.34,115.935,55.887,66.1199
0.35,115.935,55.887,66.1199
0.36,115.935,55.887,66.1199
0.37,115.935,55.887,66.1199
0.38,115.935,55.887,66.1199
0.39,115.935,55.887,66.1199
0.4,115.935,55.887,66.1199
0.41,115.935,55.887,66.1199
0.42,115.935,55.887,66.1199
0.43,115.935,55.887,66.1199
0.44,115.935,55.887,66.1199
0.45,115.935,55.887,66.1199
0.46,115.935,55.887,66.1199
0.47,115.935,55.887,66.1199
0.48,115.935,55.887,66.1199
0.49,115.935,55.887,66.1199
0.5,115.935,55.887,66.1199
0.51,115.935,55.887,66.1199
0.52,115.935,55.887,66.1199
0.53,115.935,55.887,66.1199
0.54,115.935,55.887,66.1199
0.55,115.935,55.887,66.1199
0.56,115.935,55.887,66.1199
0.57,115.935,55.887,66.1199
0.58,115.935,55.887,66.1198
0.59,115.935,55.887,66.1198
0.6,115.935,55.887,66.1198
0.61,115.935,55.887,66.1198
0.62,115.935,55.887,66.1198
0.63,115.935,55.887,66.1198
0.64,115.935,55.887,66.1198
0.65,115.935,55.887,66.1198
0.66,115.935,55.887,66.1198
0.67,115.935,55.887,66.1198
0.68,115.935,55.887,66.1198
0.69,115.935,55.887,66.1198
0.7,115.935,55.887,66.1198
0.71,115.935,55.887,66.1198
0.72,115.935,55.887,66.1198
0.73,115.935,55.887,66.1198
0.74,115.935,55.887,66.1198
0.75,115.935,55.887,66.1198
0.76,115.935,55.887,66.1198
0.77,116.524,55.8797,66.1186
0.78,116.545,55.8642,66.2028
0.79,116.559,55.8463,66.3777
0.8,116.575,55.8284,66.5364
0.81,116.591,55.8117,66.6498
0.82,116.606,55.7967,66.7318
0.83,116.62,55.7824,66.8039
0.84,116.634,55.7704,66.8512
0.85,116.647,55.7585,66.8985
0.86,116.661,55.7481,66.9373
0.87,116.673,55.7392,66.968
0.88,116.685,55.7303,66.9986
0.89,116.697,55.7214,67.0292
0.9,116.71,55.7142,67.0545
0.91,116.721,55.7078,67.0772
0.92,116.732,55.7014,67.0998
0.93,116.743,55.695,67.1225
0.94,116.754,55.6887,67.1451
0.95,116.766,55.6835,67.1659
0.96,116.777,55.6783,67.1858
0.97,116.787,55.6733,67.2057
0.98,116.798,55.6684,67.2256
0.99,116.809,55.6634,67.2455
1,116.819,55.6593,67.2631
1.01,116.829,55.6552,67.2796
1.02,116.839,55.6514,67.2962
1.03,116.849,55.6476,67.3127
1.04,116.859,55.6438,67.3293
1.05,116.869,55.6399,67.3444
1.06,116.878,55.6368,67.3589
1.07,116.888,55.6337,67.3734
1.08,116.897,55.6305,67.3878
1.09,116.906,55.6274,67.4023
1.1,116.916,55.6243,67.4159
1.11,115.75,55.6371,67.484
1.12,115.718,55.6618,67.3184
1.13,115.695,55.6929,66.9735
1.14,115.67,55.7249,66.6609
1.15,115.647,55.7554,66.4399
1.16,115.625,55.7833,66.2828
1.17,115.604,55.8102,66.1457
1.18,115.585,55.8326,66.059
1.19,115.566,55.8549,65.9724
1.2,115.548,55.8742,65.9033
1.21,115.531,55.8906,65.8509
1.22,115.514,55.907,65.7985
1.23,115.497,55.9234,65.7461
1.24,115.481,55.9364,65.705
1.25,115.465,55.9477,65.6694
1.26,115.45,55.959,65.6339
1.27,115.435,55.9703,65.5984
1.28,115.42,55.9816,65.5629
1.29,115.405,55.9909,65.5316
1.3,115.391,55.9992,65.5025
1.31,115.377,56.0075,65.4734
1.32,115.363,56.0158,65.4442
1.33,115.349,56.024,65.4151
1.34,115.335,56.0309,65.3899
1.35,115.322,56.0371,65.3666
1.36,115.309,56.0433,65.3434
1.37,115.296,56.0494,65.3201
1.38,115.283,56.0556,65.2968
1.39,115.27,56.0606,65.2759
1.4,115.258,56.0656,65.2561
1.41,115.246,56.0703,65.2364
1.42,115.234,56.0751,65.2166
1.43,115.222,56.0798,65.1968
1.44,115.21,56.0838,65.1786
1.45,115.198,56.0878,65.161
1.46,115.186,56.0916,65.1435
1.47,115.175,56.0953,65.126
1.48,115.164,56.0991,65.1085
1.49,115.152,56.1028,65.0922
1.5,115.141,56.106,65.076
1.51,115.13,56.1092,65.06
1.52,115.119,56.1124,65.044
1.53,115.108,56.1156,65.028
1.54,115.097,56.1188,65.013
1.55,115.086,56.1216,64.9979
1.56,115.076,56.1244,64.9832
1.57,115.066,56.1272,64.9685
1.58,115.055,56.1299,64.9538
1.59,115.045,56.1327,64.9391
1.6,115.035,56.1355,64.9253
1.61,115.025,56.138,64.9114
1.62,115.015,56.1405,64.8976
1.63,115.005,56.143,64.8837
1.64,114.995,56.1455,64.8698
1.65,114.985,56.148,64.8567
1.66,114.976,56.1505,64.8436
1.67,114.966,56.1528,64.8305
1.68,114.957,56.1551,64.8174
1.69,114.947,56.1574,64.8042
1.7,114.938,56.1598,64.7918
1.71,114.929,56.1621,64.7793
1.72,114.92,56.1644,64.7668
1.73,114.911,56.1665,64.7543
1.74,114.902,56.1687,64.7418
1.75,114.893,56.1708,64.73
1.76,114.884,56.173,64.7181
1.77,114.875,56.1751,64.7062
1.78,114.867,56.1772,64.6943
1.79,114.858,56.1792,64.6824
1.8,114.849,56.1812,64.671
1.81,114.841,56.1833,64.6596
1.82,114.832,56.1853,64.6482
1.83,114.824,56.1873,64.6367
1.84,116.011,56.1723,64.5789
1.85,116.045,56.1457,64.749
1.86,116.069,56.1128,65.103
1.87,116.095,56.0793,65.4231
1.88,116.12,56.0476,65.6489
1.89,116.142,56.0186,65.8095
1.9,116.164,55.9908,65.9496
1.91,116.184,55.9678,66.0381
1.92,116.203,55.9447,66.1266
1.93,116.223,55.9248,66.1973
1.94,116.241,55.908,66.251
1.95,116.258,55.8912,66.3047
1.96,116.276,55.8744,66.3584
1.97,116.292,55.8611,66.4007
1.98,116.309,55.8496,66.4373
1.99,116.324,55.838,66.4739
2,116.34,55.8265,66.5105
2.01,116.356,55.8149,66.5471
2.02,116.371,55.8054,66.5795
2.03,116.386,55.797,66.6098
2.04,116.401,55.7885,66.64
2.05,116.415,55.78,66.6703
2.06,116.43,55.7716,66.7005
2.07,116.444,55.7646,66.7267
2.08,116.458,55.7583,66.7508
2.09,116.471,55.752,66.7749
2.1,116.485,55.7456,66.7991
2.11,116.498,55.7393,66.8232
2.12,116.512,55.7342,66.8449
2.13,116.524,55.7291,66.8653
2.14,116.537,55.7243,66.8858
2.15,116.55,55.7194,66.9063
2.16,116.562,55.7146,66.9267
2.17,116.575,55.7105,66.9456
2.18,116.587,55.7064,66.9637
2.19,116.599,55.7026,66.9819
2.2,116.611,55.6987,67
2.21,116.623,55.6949,67.0181
2.22,116.634,55.6911,67.0349
2.23,116.646,55.6878,67.0517
2.24,116.657,55.6845,67.0682
2.25,116.669,55.6813,67.0847
2.26,116.68,55.678,67.1012
2.27,116.691,55.6747,67.1167
2.28,116.702,55.6718,67.1323
2.29,116.713,55.669,67.1475
2.3,116.724,55.6661,67.1626
2.31,116.735,55.6633,67.1778
2.32,116.745,55.6604,67.193
2.33,116.756,55.6576,67.2073
2.34,116.766,55.655,67.2216
2.35,116.776,55.6524,67.2359
2.36,116.787,55.6498,67.2502
2.37,116.797,55.6473,67.2645
2.38,116.807,55.6447,67.278
2.39,116.817,55.6421,67.2916
2.4,116.827,55.6397,67.3051
2.41,116.836,55.6373,67.3187
2.42,116.846,55.635,67.3322
2.43,116.856,55.6326,67.3451
2.44,116.865,55.6302,67.358
2.45,116.874,55.6278,67.3709
2.46,116.884,55.6256,67.3837
2.47,116.893,55.6234,67.3966
2.48,116.902,55.6212,67.4089
2.49,116.912,55.6189,67.4212
2.5,116.92,55.6167,67.4334
2.51,116.929,55.6146,67.4457
2.52,116.938,55.6125,67.458
2.53,116.947,55.6104,67.4697
2.54,116.956,55.6083,67.4814
2.55,116.964,55.6062,67.4931
2.56,116.973,55.604,67.5048
2.57,116.981,55.6021,67.5165
2.58,116.99,55.6001,67.5277
2.59,116.998,55.5982,67.5389
2.6,117.006,55.5962,67.5501
2.61,117.014,55.5942,67.5613
2.62,117.022,55.5923,67.5725
2.63,117.03,55.5903,67.5832
2.64,117.039,55.5883,67.5939
2.65,117.046,55.5865,67.6046
2.66,117.054,55.5847,67.6153
2.67,117.062,55.5828,67.626
2.68,117.07,55.581,67.6362
2.69,117.077,55.5791,67.6464
2.7,117.085,55.5773,67.6566
2.71,117.092,55.5755,67.6668
2.72,117.099,55.5736,67.6771
2.73,117.107,55.5719,67.6868
2.74,117.114,55.5702,67.6966
2.75,117.121,55.5685,67.7064
2.76,117.128,55.5669,67.7161
2.77,117.135,55.5652,67.7259
2.78,117.142,55.5635,67.7353
2.79,117.15,55.5618,67.7446
2.8,117.157,55.5601,67.7539
2.81,117.163,55.5584,67.7633
2.82,117.17,55.5567,67.7726
2.83,117.177,55.5551,67.7815
2.84,117.183,55.5536,67.7904
2.85,117.19,55.552,67.7992
2.86,117.196,55.5505,67.8081
2.87,117.203,55.5489,67.817
2.88,117.209,55.5474,67.8259
2.89,117.216,55.5458,67.8343
2.9,117.222,55.5443,67.8428
2.91,117.228,55.5427,67.8512
2.92,117.234,55.5412,67.8597
2.93,117.241,55.5398,67.8682
2.94,117.247,55.5384,67.8763
2.95,117.253,55.5369,67.8844
2.96,117.259,55.5355,67.8924
2.97,117.265,55.5341,67.9005
2.98,117.27,55.5327,67.9086
2.99,117.276,55.5313,67.9164
3,117.282,55.5299,67.9241
3.01,117.288,55.5285,67.9318
3.02,117.293,55.5271,67.9396
3.03,117.299,55.5256,67.9473
3.04,117.305,55.5243,67.9547
3.05,117.31,55.523,67.9622
3.06,117.316,55.5217,67.9696
3.07,117.321,55.5203,67.9771
3.08,116.161,55.5348,68.0119
3.09,116.124,55.5624,67.848
3.1,116.099,55.5957,67.5047
3.11,116.071,55.6291,67.1935
3.12,116.044,55.6606,66.9721
3.13,116.02,55.6893,66.8133
3.14,115.995,55.7168,66.6742
3.15,115.973,55.7397,66.5846
3.16,115.951,55.7626,66.495
3.17,115.929,55.7825,66.4226
3.18,115.909,55.7994,66.3665
3.19,115.888,55.8163,66.3105
3.2,115.868,55.8333,66.2545
3.21,115.849,55.8468,66.2093
3.22,115.831,55.8588,66.1696
3.23,115.812,55.8707,66.1299
3.24,115.794,55.8826,66.0902
3.25,115.776,55.8946,66.0505
3.26,115.758,55.9046,66.0148
3.27,115.741,55.9136,65.9811
3.28,115.724,55.9226,65.9474
3.29,115.707,55.9316,65.9137
3.3,115.689,55.9406,65.88
3.31,115.672,55.9483,65.8504
3.32,115.656,55.9552,65.8229
3.33,115.641,55.9622,65.7954
3.34,115.625,55.9691,65.7678
3.35,115.609,55.976,65.7403
3.36,115.593,55.9818,65.7153
3.37,115.578,55.9875,65.6915
3.38,115.563,55.993,65.6678
3.39,115.548,55.9985,65.644
3.4,115.533,56.004,65.6202
3.41,115.518,56.0088,65.5981
3.42,115.504,56.0135,65.5768
3.43,115.49,56.0179,65.5555
3.44,115.475,56.0224,65.5342
3.45,115.461,56.0268,65.5129
3.46,115.447,56.0313,65.493
3.47,115.434,56.0351,65.4732
3.48,115.42,56.039,65.4536
3.49,115.407,56.0429,65.434
3.5,115.393,56.0467,65.4145
3.51,115.38,56.0506,65.3957
3.52,116.544,56.0373,65.3003
3.53,115.768,56.0254,65.4588
3.54,115.788,56.0174,65.6707
3.55,115.809,56.0094,65.7624
3.56,115.829,56.0014,65.8067
3.57,115.849,55.9933,65.8358
3.58,115.869,55.9853,65.8622
3.59,115.889,55.9773,65.8886
3.6,115.909,55.9693,65.915
3.61,115.928,55.9618,65.9414
3.62,115.947,55.9542,65.9686
3.63,115.966,55.9467,65.9957
3.64,115.985,55.9392,66.0228
3.65,116.002,55.9323,66.0494
3.66,116.02,55.9255,66.0759
3.67,116.038,55.9186,66.1025
3.68,116.056,55.9118,66.129
3.69,116.073,55.905,66.1556
3.7,116.09,55.8986,66.1813
3.71,116.107,55.8923,66.207
3.72,116.124,55.886,66.2327
3.73,116.141,55.8797,66.2584
3.74,116.158,55.8734,66.2841
3.75,116.174,55.8676,66.3086
3.76,116.19,55.8619,66.3331
3.77,116.205,55.8561,66.3575
3.78,116.221,55.8503,66.382
3.79,116.237,55.8446,66.4065
3.8,116.253,55.8392,66.4296
3.81,116.268,55.8339,66.4527
3.82,116.283,55.8286,66.4759
3.83,116.298,55.8233,66.499
3.84,116.314,55.818,66.5221
3.85,116.329,55.8131,66.544
3.86,116.343,55.8083,66.5658
3.87,116.357,55.8034,66.5877
3.88,116.372,55.7985,66.6095
3.89,116.386,55.7937,66.6314
3.9,116.4,55.7888,66.652
3.91,116.414,55.7843,66.6727
3.92,116.428,55.7798,66.6933
3.93,116.441,55.7753,66.7139
3.94,116.455,55.7708,66.7346
3.95,116.469,55.7663,66.7542
3.96,116.482,55.7621,66.7738
3.97,116.495,55.7578,66.7934
3.98,116.508,55.7535,66.813
3.99,115.336,55.7632,66.8746
4,115.309,55.7888,66.6908
4.01,115.285,55.8183,66.4033
4.02,115.265,55.8479,66.1464
4.03,115.253,55.8791,65.8748
4.04,115.234,55.9089,65.6779
4.05,115.217,55.9357,65.5459
4.06,115.2,55.9595,65.4512
4.07,115.185,55.9802,65.3794
4.08,115.17,55.9997,65.3149
4.09,115.157,56.0152,65.2696
4.1,115.143,56.0307,65.2243
4.11,115.13,56.0438,65.1864
4.12,115.118,56.0546,65.1555
4.13,115.106,56.0654,65.1247
4.14,115.094,56.0762,65.0939
4.15,115.082,56.0847,65.0682
4.16,115.071,56.0919,65.045
4.17,115.059,56.0992,65.0218
4.18,115.048,56.1065,64.9986
4.19,115.037,56.1138,64.9754
4.2,115.026,56.1197,64.954
4.21,115.016,56.125,64.9335
4.22,115.006,56.1303,64.9131
4.23,114.995,56.1357,64.8926
4.24,114.985,56.141,64.8721
4.25,114.975,56.1452,64.8543
4.26,114.965,56.1494,64.8379
4.27,114.955,56.1533,64.8215
4.28,114.946,56.1573,64.8051
4.29,114.936,56.1613,64.7886
4.3,114.927,56.1645,64.7738
4.31,114.917,56.1677,64.7599
4.32,114.908,56.1707,64.7459
4.33,114.899,56.1736,64.7319
4.34,114.891,56.1766,64.7179
4.35,114.882,56.1795,64.7052
4.36,114.873,56.1819,64.6925
4.37,114.864,56.1843,64.6801
4.38,114.856,56.1868,64.6677
4.39,114.847,56.1892,64.6553
4.4,114.839,56.1916,64.6437
4.41,114.83,56.1936,64.6322
4.42,114.822,56.1956,64.621
4.43,114.814,56.1976,64.6097
4.44,114.806,56.1996,64.5985
4.45,114.798,56.2016,64.5872
4.46,114.79,56.2036,64.5767
4.47,114.782,56.2055,64.5661
4.48,114.774,56.2073,64.5555
4.49,114.766,56.2091,64.5449
4.5,115.955,56.1935,64.4806
4.51,115.988,56.1666,64.6806
4.52,116.015,56.1341,65.0013
4.53,116.042,56.0999,65.3348
4.54,116.068,56.0671,65.5794
4.55,116.091,56.0368,65.7503
4.56,116.113,56.0095,65.8751
4.57,116.135,55.9833,65.9855
4.58,116.154,55.9619,66.0591
4.59,116.174,55.9404,66.1328
4.6,116.193,55.922,66.1931
4.61,116.21,55.9064,66.2408
4.62,116.228,55.8908,66.2884
4.63,116.245,55.8752,66.3361
4.64,116.263,55.8628,66.3749
4.65,116.279,55.852,66.4093
4.66,116.294,55.8413,66.4437
4.67,116.31,55.8305,66.4781
4.68,116.326,55.8197,66.5125
4.69,116.342,55.8107,66.5436
4.7,116.357,55.8027,66.573
4.71,116.371,55.7946,66.6023
4.72,116.386,55.7866,66.6317
4.73,116.401,55.7786,66.6611
4.74,116.416,55.7718,66.6869
4.75,116.429,55.7657,66.7108
4.76,116.443,55.7596,66.7347
4.77,116.457,55.7535,66.7586
4.78,116.471,55.7474,66.7825
4.79,116.484,55.7424,66.8042
4.8,116.497,55.7374,66.8247
4.81,116.51,55.7326,66.8453
4.82,116.523,55.7278,66.8659
4.83,116.536,55.723,66.8864
4.84,116.549,55.7189,66.9055
4.85,116.561,55.7148,66.9239
4.86,116.573,55.711,66.9423
4.87,116.585,55.7071,66.9606
4.88,116.597,55.7033,66.979
4.89,116.609,55.6994,66.9961
4.9,116.621,55.696,67.0132
4.91,118.63,55.67,67.0963
4.92,118.71,55.6095,67.3965
4.93,118.781,55.545,67.9275
4.94,118.847,55.4839,68.3939
4.95,118.91,55.4274,68.7726
4.96,118.971,55.3745,69.0814
4.97,119.03,55.3252,69.3486
4.98,119.086,55.2823,69.5404
4.99,119.143,55.2395,69.7322
5,119.197,55.2007,69.8975
5.01,119.249,55.1685,70.0197
5.02,119.3,55.1363,70.1418
5.03,119.351,55.1041,70.264
5.04,119.402,55.0744,70.3765
5.05,119.449,55.0506,70.4674
5.06,119.496,55.0268,70.5584
5.07,119.544,55.003,70.6493
5.08,119.591,54.9793,70.7403
5.09,119.638,54.957,70.8277
5.1,119.683,54.9381,70.9074
5.11,119.727,54.9192,70.987
5.12,119.772,54.9003,71.0666
5.13,119.817,54.8814,71.1462
5.14,119.861,54.8636,71.2221
5.15,119.903,54.8482,71.2894
5.16,119.944,54.8328,71.3567
5.17,119.986,54.8174,71.424
5.18,120.028,54.802,71.4914
5.19,120.069,54.7874,71.5563
5.2,120.119,54.779,71.8288
5.21,120.159,54.7504,71.8497
5.22,120.195,54.7279,71.8666
5.23,120.232,54.7116,71.8959
5.24,120.269,54.6991,71.9303
5.25,120.305,54.6878,71.9661
5.26,120.341,54.6792,72.0052
5.27,120.377,54.6706,72.0442
5.28,120.413,54.6626,72.0846
5.29,120.448,54.6552,72.1263
5.3,120.484,54.6478,72.168
5.31,120.519,54.6404,72.2097
5.32,120.553,54.633,72.2536
5.33,120.588,54.6255,72.2987
5.34,120.622,54.6181,72.3438
5.35,120.657,54.6107,72.3888
5.36,120.691,54.6033,72.4339
5.37,120.725,54.5954,72.4813
5.38,120.758,54.5875,72.53
5.39,120.791,54.5795,72.5786
5.4,120.824,54.5715,72.6272
5.41,120.857,54.5634,72.6759
5.42,120.89,54.5553,72.7222
5.43,120.922,54.5472,72.7673
5.44,120.953,54.5391,72.8124
5.45,120.985,54.5311,72.8575
5.46,121.017,54.5231,72.9027
5.47,121.048,54.515,72.946
5.48,121.078,54.507,72.9883
5.49,121.108,54.4992,73.0307
5.5,121.139,54.4914,73.0731
5.51,121.169,54.4836,73.1155
5.52,121.199,54.4758,73.1563
5.53,121.228,54.4684,73.1964
5.54,121.256,54.461,73.2365
5.55,121.285,54.4536,73.2766
5.56,121.314,54.4462,73.3167
5.57,121.343,54.4388,73.3555
5.58,117.276,54.488,73.5262
5.59,117.154,54.5778,72.9627
5.6,117.05,54.6878,71.8149
5.61,116.956,54.7992,70.8155
5.62,116.868,54.9038,70.0799
5.63,116.783,55.0057,69.429
5.64,116.703,55.0978,68.9762
5.65,116.624,55.1869,68.5538
5.66,116.551,55.2625,68.2691
5.67,116.478,55.338,67.9843
5.68,116.408,55.4034,67.7555
5.69,116.341,55.4627,67.56
5.7,116.274,55.522,67.3645
5.71,116.21,55.5725,67.2013
5.72,116.15,55.6139,67.0717
5.73,116.09,55.6553,66.9422
5.74,116.029,55.6967,66.8127
5.75,115.969,55.7381,66.6831
5.76,115.912,55.7704,66.57
5.77,115.856,55.8012,66.4596
5.78,115.799,55.832,66.3491
5.79,115.742,55.8629,66.2386
5.8,115.686,55.8937,66.1282
5.81,115.633,55.9186,66.0324
5.82,115.579,55.9426,65.9389
5.83,115.526,55.9666,65.8455
5.84,115.473,55.9906,65.7521
5.85,115.42,56.0145,65.6586
5.86,115.37,56.0344,65.5765
5.87,115.32,56.0535,65.4962
5.88,115.27,56.0727,65.4158
5.89,115.22,56.0919,65.3355
5.9,115.17,56.111,65.2552
5.91,115.122,56.1272,65.1821
5.92,115.074,56.1433,65.1101
5.93,115.027,56.1592,65.0381
5.94,114.979,56.1751,64.9662
5.95,115.03,56.1855,64.6544
5.96,114.985,56.2141,64.6499
5.97,114.941,56.2354,64.6629
5.98,114.898,56.2501,64.6558
5.99,114.855,56.261,64.6341
6,114.811,56.2708,64.6077
6.01,114.768,56.2784,64.5696
6.02,114.725,56.2859,64.5315
6.03,114.681,56.2934,64.489
6.04,114.639,56.301,64.4424
6.05,114.596,56.3083,64.3958
6.06,114.554,56.3157,64.3491
6.07,114.511,56.3238,64.2981
6.08,114.469,56.332,64.2448
6.09,114.428,56.3402,64.1916
6.1,114.386,56.3485,64.1383
6.11,114.344,56.3568,64.0851
6.12,114.303,56.366,64.0282
6.13,114.262,56.3752,63.9695
6.14,114.221,56.3847,63.9108
6.15,114.18,56.3942,63.8521
6.16,114.139,56.4037,63.7934
6.17,114.1,56.4132,63.7371
6.18,114.06,56.423,63.6819
6.19,114.022,56.4327,63.6267
6.2,113.983,56.4425,63.5715
6.21,113.944,56.4523,63.5163
6.22,113.905,56.4621,63.463
6.23,113.868,56.4718,63.4107
6.24,113.831,56.4814,63.3584
6.25,113.793,56.4909,63.3061
6.26,113.756,56.5004,63.2538
6.27,113.719,56.5099,63.2032
6.28,113.683,56.519,63.1534
6.29,113.648,56.5281,63.1037
6.3,113.612,56.5372,63.0539
6.31,113.576,56.5463,63.0042
6.32,113.541,56.5554,62.956
6.33,113.506,56.564,62.9086
6.34,113.472,56.5727,62.8611
6.35,113.438,56.5813,62.8137
6.36,113.404,56.5899,62.7663
6.37,113.37,56.5985,62.7203
6.38,113.337,56.6067,62.6751
6.39,113.305,56.6149,62.6299
6.4,113.272,56.6231,62.5847
6.41,113.239,56.6312,62.5395
6.42,113.207,56.6394,62.4956
6.43,113.175,56.6472,62.4525
6.44,113.144,56.6549,62.4093
6.45,113.113,56.6627,62.3662
6.46,113.082,56.6704,62.3231
6.47,113.05,56.6782,62.2812
6.48,113.02,56.6855,62.2401
6.49,112.991,56.6928,62.1989
6.5,112.961,56.7002,62.1578
6.51,112.931,56.7075,62.1166
6.52,112.901,56.7149,62.0767
6.53,112.872,56.7219,62.0375
6.54,112.844,56.7288,61.9982
6.55,112.815,56.7358,61.9589
6.56,112.787,56.7428,61.9197
6.57,112.758,56.7498,61.8819
6.58,112.731,56.7564,61.8442
6.59,112.704,56.763,61.8068
6.6,112.676,56.7696,61.7693
6.61,112.649,56.7762,61.7319
6.62,112.622,56.7829,61.6956
6.63,118.536,56.7083,61.5066
6.64,118.715,56.5653,62.4439
6.65,118.873,56.3988,64.0543
6.66,119.014,56.2306,65.554
6.67,119.143,56.0737,66.6274
6.68,119.27,55.9214,67.5723
6.69,119.392,55.7768,68.3451
6.7,119.502,55.6531,68.8459
6.71,119.612,55.5311,69.3361
6.72,119.716,55.4255,69.7183
6.73,119.821,55.3214,70.0928
6.74,119.913,55.2425,70.3316
6.75,120.006,55.1636,70.5705
6.76,120.099,55.0846,70.8094
6.77,120.186,55.0244,71.0094
6.78,120.273,54.9641,71.2094
6.79,120.36,54.9038,71.4094
6.8,120.441,54.8561,71.5674
6.81,120.521,54.7991,72.1131
6.82,120.602,54.7295,72.2161
6.83,120.678,54.6726,72.2855
6.84,120.752,54.6282,72.3709
6.85,120.825,54.5924,72.4616
6.86,120.897,54.5593,72.5537
6.87,120.968,54.5339,72.6458
6.88,121.038,54.5084,72.7382
6.89,121.108,54.4857,72.8297
6.9,121.176,54.4657,72.9203
6.91,121.244,54.4457,73.011
6.92,121.312,54.4257,73.1017
6.93,121.378,54.4072,73.1939
6.94,121.444,54.3896,73.2869
6.95,121.509,54.3721,73.3798
6.96,121.575,54.3545,73.4728
6.97,121.64,54.3369,73.5658
6.98,121.704,54.3194,73.6622
6.99,121.768,54.3018,73.7604
7,121.831,54.2845,73.8585
7.01,121.894,54.2672,73.9567
7.02,121.957,54.2499,74.0548
7.03,122.017,54.2326,74.1463
7.04,122.078,54.2159,74.2344
7.05,122.137,54.1992,74.3224
7.06,122.197,54.1824,74.4105
7.07,122.257,54.1657,74.4986
7.08,122.314,54.15,74.582
7.09,122.371,54.1343,74.663
7.1,122.428,54.1188,74.7441
7.11,122.484,54.1033,74.8251
7.12,122.541,54.0878,74.9061
7.13,122.595,54.0733,74.9835
7.14,122.649,54.0588,75.0592
7.15,122.703,54.0446,75.1348
7.16,122.757,54.0303,75.2104
7.17,122.81,54.016,75.286
7.18,122.862,54.0025,75.3587
7.19,122.913,53.9891,75.4299
7.2,114.67,54.0868,75.8107
7.21,114.424,54.2718,74.5794
7.22,114.208,54.4955,72.3328
7.23,114.01,54.7216,70.3194
7.24,113.821,54.9413,68.672
7.25,113.639,55.1522,67.3441
7.26,113.452,55.3682,66.0824
7.27,113.28,55.5672,65.2152
7.28,113.118,55.745,64.5878
7.29,112.963,55.902,64.0832
7.3,112.814,56.0396,63.6618
7.31,112.667,56.1702,63.2674
7.32,112.527,56.2762,62.9505
7.33,112.387,56.3822,62.6335
7.34,112.252,56.4745,62.3503
7.35,112.121,56.5537,62.0993
7.36,111.99,56.6328,61.8484
7.37,111.859,56.7119,61.5974
7.38,111.733,56.7778,61.3705
7.39,111.61,56.837,61.1555
7.4,111.487,56.8963,60.9406
7.41,111.364,56.9555,60.7257
7.42,111.24,57.0148,60.5107
7.43,111.121,57.0667,60.3041
7.44,111.003,57.1152,60.1012
7.45,110.885,57.1638,59.8984
7.46,110.767,57.2123,59.6955
7.47,110.65,57.2609,59.4926
7.48,110.536,57.3038,59.3077
7.49,110.424,57.3443,59.131
7.5,110.313,57.3847,58.9542
7.51,110.201,57.4251,58.7775
7.52,110.09,57.4656,58.6008
7.53,109.982,57.5018,58.436
7.54,109.876,57.5361,58.2767
7.55,109.769,57.5704,58.1174
7.56,109.663,57.6046,57.9581
7.57,109.557,57.6389,57.7988
7.58,109.454,57.6702,57.648
7.59,109.353,57.7,57.5011
7.6,109.252,57.7299,57.3541
7.61,109.151,57.7597,57.2072
7.62,109.05,57.7896,57.0603
7.63,108.951,57.8173,56.9199
7.64,108.855,57.8439,56.7825
7.65,108.758,57.8706,56.6451
7.66,108.662,57.8973,56.5077
7.67,108.565,57.924,56.3703
7.68,108.471,57.949,56.2384
7.69,108.379,57.9733,56.1089
7.7,108.287,57.9977,55.9794
7.71,108.195,58.022,55.8499
7.72,108.102,58.0463,55.7204
7.73,108.013,58.069,55.5956
7.74,107.925,58.0918,55.473
7.75,107.837,58.1143,55.3504
7.76,107.749,58.1367,55.2278
7.77,107.661,58.1592,55.1052
7.78,107.576,58.1804,54.9869
7.79,107.492,58.2016,54.8705
7.8,107.408,58.2226,54.7542
7.81,107.324,58.2435,54.6378
7.82,107.24,58.2645,54.5214
7.83,107.158,58.2843,54.4091
7.84,107.078,58.3042,54.2986
7.85,106.998,58.3239,54.188
7.86,106.918,58.3435,54.0775
7.87,106.838,58.3632,53.967
7.88,106.761,58.3819,53.8602
7.89,106.685,58.4005,53.7552
7.9,106.609,58.419,53.6502
7.91,106.533,58.4375,53.5452
7.92,106.456,58.456,53.4402
7.93,106.383,58.4736,53.3387
7.94,106.31,58.4912,53.239
7.95,106.238,58.5087,53.1392
7.96,106.165,58.5261,53.0394
7.97,106.093,58.5436,52.9397
7.98,106.023,58.5602,52.8433
7.99,105.954,58.5768,52.7486
8,105.885,58.5933,52.6538
8.01,105.816,58.6098,52.5591
8.02,105.748,58.6262,52.4643
8.03,105.681,58.6419,52.3728
8.04,105.616,58.6575,52.2829
8.05,105.55,58.6732,52.1929
8.06,105.485,58.6886,52.1029
8.07,105.42,58.7039,52.013
8.08,105.357,58.7193,51.9262
8.09,105.294,58.734,51.8408
8.1,105.232,58.7488,51.7554
8.11,105.17,58.7635,51.67
8.12,105.108,58.7782,51.5847
8.13,110.845,58.6962,51.0551
8.14,110.977,58.578,52.0076
8.15,111.089,58.4289,53.6494
8.16,111.187,58.2733,55.1378
8.17,111.277,58.1209,56.2861
8.18,111.363,57.9711,57.1768
8.19,111.442,57.8322,57.8514
8.2,111.516,57.7011,58.4016
8.21,111.585,57.585,58.8038
8.22,111.652,57.4724,59.1778
8.23,111.71,57.383,59.4254
8.24,111.768,57.2935,59.673
8.25,111.823,57.217,59.8784
8.26,111.875,57.1492,60.0553
8.27,111.927,57.0814,60.2322
8.28,111.974,57.0296,60.3653
8.29,112.019,56.9839,60.482
8.3,112.064,56.9381,60.5987
8.31,112.109,56.8924,60.7154
8.32,112.15,56.8613,60.8062
8.33,112.19,56.8313,60.8951
8.34,112.231,56.8014,60.984
8.35,112.271,56.7714,61.0729
8.36,112.31,56.747,61.1507
8.37,112.346,56.7278,61.2181
8.38,112.383,56.7086,61.2855
8.39,112.419,56.6894,61.3528
8.4,112.456,56.6703,61.4202
8.41,112.491,56.6542,61.4831
8.42,112.525,56.6412,61.5417
8.43,112.559,56.6281,61.6004
8.44,112.593,56.615,61.659
8.45,112.627,56.6019,61.7177
8.46,112.659,56.5908,61.7708
8.47,112.691,56.5814,61.8188
8.48,112.722,56.5721,61.8668
8.49,112.753,56.5628,61.9147
8.5,112.785,56.5534,61.9627
8.51,112.816,56.5453,62.0073
8.52,112.845,56.5383,62.0487
8.53,112.875,56.5312,62.0901
8.54,112.904,56.5242,62.1315
8.55,112.934,56.5172,62.173
8.56,112.963,56.5109,62.2122
8.57,112.991,56.5054,62.2495
8.58,113.019,56.4998,62.2868
8.59,113.047,56.4943,62.324
8.6,113.074,56.4887,62.3613
8.61,113.102,56.4831,62.3971
8.62,113.129,56.4783,62.4316
8.63,113.155,56.4735,62.466
8.64,113.181,56.4687,62.5004
8.65,113.208,56.4639,62.5349
8.66,113.234,56.4591,62.5683
8.67,113.259,56.4548,62.6006
8.68,113.284,56.4504,62.633
8.69,113.309,56.4461,62.6653
8.7,113.334,56.4417,62.6977
8.71,113.36,56.4373,62.7292
8.72,113.383,56.433,62.7599
8.73,113.407,56.4289,62.7906
8.74,113.431,56.4248,62.8213
8.75,113.455,56.4207,62.852
8.76,113.479,56.4166,62.882
8.77,113.502,56.4125,62.9112
8.78,113.524,56.4084,62.9405
8.79,113.547,56.4043,62.9698
8.8,113.57,56.4003,62.9991
8.81,113.593,56.3964,63.0274
8.82,113.614,56.3924,63.0557
8.83,113.636,56.3885,63.0835
8.84,113.658,56.3845,63.1114
8.85,113.679,56.3806,63.1392
8.86,113.701,56.3768,63.167
8.87,113.722,56.3729,63.1937
8.88,113.742,56.3691,63.2204
8.89,113.763,56.3653,63.247
8.9,113.783,56.3615,63.2737
8.91,113.804,56.3576,63.3004
8.92,113.824,56.3538,63.3259
8.93,113.843,56.35,63.3515
8.94,113.863,56.3463,63.377
8.95,113.883,56.3426,63.4025
8.96,113.902,56.3389,63.4281
8.97,113.921,56.3352,63.4525
8.98,113.94,56.3315,63.477
8.99,113.959,56.3278,63.5014
9,113.977,56.3241,63.5258
9.01,113.996,56.3204,63.5503
9.02,114.014,56.3169,63.5737
9.03,114.032,56.3134,63.5971
9.04,114.05,56.3098,63.6204
9.05,114.067,56.3063,63.6438
9.06,114.085,56.3027,63.6672
9.07,114.102,56.2992,63.6896
9.08,114.119,56.2957,63.7119
9.09,114.136,56.2921,63.7343
9.1,114.153,56.2886,63.7567
9.11,114.17,56.2852,63.779
9.12,114.186,56.2819,63.8004
9.13,114.203,56.2785,63.8218
9.14,114.219,56.2751,63.8432
9.15,114.235,56.2718,63.8646
9.16,114.251,56.2684,63.8859
9.17,114.267,56.265,63.9064
9.18,114.282,56.2618,63.9268
9.19,114.297,56.2586,63.9472
9.2,114.313,56.2554,63.9676
9.21,114.328,56.2522,63.9881
9.22,114.343,56.249,64.0076
9.23,114.358,56.2458,64.0271
9.24,114.372,56.2425,64.0466
9.25,114.387,56.2393,64.0661
9.26,114.401,56.2363,64.0856
9.27,114.416,56.2333,64.1043
9.28,114.43,56.2302,64.1229
9.29,114.444,56.2272,64.1415
9.3,114.458,56.2242,64.1602
9.31,114.472,56.2211,64.1788
9.32,114.485,56.2181,64.1966
9.33,114.499,56.2152,64.2144
9.34,114.512,56.2123,64.2322
9.35,114.525,56.2094,64.25
9.36,114.538,56.2066,64.2677
9.37,114.552,56.2037,64.2847
9.38,114.564,56.2008,64.3017
9.39,114.577,56.1979,64.3187
9.4,114.589,56.1951,64.3356
9.41,114.602,56.1924,64.3526
9.42,114.615,56.1897,64.3688
9.43,114.627,56.187,64.385
9.44,114.639,56.1843,64.4012
9.45,114.651,56.1816,64.4174
9.46,114.663,56.1789,64.4336
9.47,114.675,56.1762,64.4491
9.48,114.686,56.1736,64.4645
9.49,114.698,56.1711,64.48
9.5,114.709,56.1685,64.4954
9.51,114.72,56.166,64.5109
9.52,114.732,56.1634,64.5256
9.53,114.743,56.1609,64.5404
9.54,114.754,56.1583,64.5551
9.55,114.765,56.1558,64.5699
9.56,114.776,56.1534,64.5846
9.57,114.786,56.151,64.5987
9.58,114.797,56.1486,64.6127
9.59,114.807,56.1462,64.6268
9.6,114.818,56.1438,64.6409
9.61,114.828,56.1415,64.6549
9.62,114.838,56.1391,64.6683
9.63,114.848,56.1368,64.6818
9.64,114.858,56.1346,64.6952
9.65,114.868,56.1324,64.7086
9.66,114.878,56.1301,64.722
9.67,114.888,56.1279,64.7348
9.68,114.897,56.1256,64.7476
9.69,114.907,56.1234,64.7604
9.7,114.916,56.1212,64.7732
9.71,114.926,56.1191,64.786
9.72,114.935,56.117,64.7982
9.73,114.945,56.1149,64.8104
9.74,114.953,56.1128,64.8226
9.75,114.962,56.1108,64.8348
9.76,114.971,56.1087,64.847
9.77,114.98,56.1066,64.8586
9.78,114.989,56.1045,64.8702
9.79,114.998,56.1026,64.8819
9.8,115.006,56.1006,64.8935
9.81,115.015,56.0987,64.9051
9.82,115.023,56.0967,64.9162
9.83,115.032,56.0948,64.9273
9.84,115.04,56.0928,64.9384
9.85,115.048,56.0909,64.9495
9.86,115.056,56.089,64.9606
9.87,115.064,56.0872,64.9712
9.88,115.073,56.0854,64.9818
9.89,115.08,56.0836,64.9924
9.9,115.088,56.0818,65.003
9.91,115.096,56.08,65.0135
9.92,115.104,56.0782,65.0236
9.93,115.111,56.0764,65.0337
9.94,115.119,56.0746,65.0438
9.95,115.126,56.0729,65.0539
9.96,115.133,56.0711,65.064
9.97,115.141,56.0694,65.0736
9.98,115.148,56.0678,65.0833
9.99,115.155,56.0662,65.0929
10,115.162,56.0645,65.1025
10.01,115.169,56.0629,65.1121
10.02,115.177,56.0613,65.1213
10.03,115.184,56.0596,65.1304
10.04,115.19,56.058,65.1395
10.05,115.197,56.0564,65.1486
10.06,115.204,56.0547,65.1577
10.07,115.21,56.0533,65.1668
10.08,115.217,56.0518,65.1755
10.09,115.224,56.0503,65.1842
10.1,115.23,56.0488,65.1929
10.11,115.237,56.0473,65.2015
10.12,115.243,56.0459,65.2102
10.13,115.249,56.0444,65.2185
10.14,115.256,56.0429,65.2268
10.15,115.262,56.0414,65.235
10.16,115.268,56.0399,65.2433
10.17,115.274,56.0385,65.2516
10.18,115.28,56.0371,65.2595
10.19,115.286,56.0358,65.2674
10.2,115.292,56.0344,65.2753
10.21,115.298,56.0331,65.2831
10.22,115.303,56.0317,65.291
10.23,115.309,56.0304,65.2986
10.24,115.315,56.029,65.3061
10.25,115.321,56.0277,65.3136
10.26,115.326,56.0264,65.3212
10.27,115.332,56.025,65.3287
10.28,115.337,56.0238,65.3359
10.29,115.343,56.0226,65.343
10.3,115.348,56.0213,65.3502
10.31,115.353,56.0201,65.3574
10.32,115.359,56.0189,65.3646
10.33,115.364,56.0177,65.3714
10.34,115.369,56.0164,65.3783
10.35,115.374,56.0152,65.3851
10.36,115.379,56.014,65.392
10.37,115.384,56.0128,65.3988
10.38,115.389,56.0117,65.4054
10.39,115.394,56.0105,65.4119
10.4,115.399,56.0094,65.4184
10.41,115.404,56.0083,65.425
10.42,115.409,56.0072,65.4315
10.43,115.414,56.0061,65.4377
10.44,115.418,56.005,65.444
10.45,115.423,56.0039,65.4502
10.46,115.428,56.0028,65.4565
10.47,115.432,56.0017,65.4627
10.48,115.437,56.0005,65.4686
10.49,115.441,55.9995,65.4746
10.5,115.446,55.9985,65.4805
10.51,115.45,55.9975,65.4865
10.52,115.455,55.9965,65.4924
10.53,115.459,55.9955,65.4981
10.54,115.463,55.9945,65.5038
10.55,115.468,55.9935,65.5095
10.56,115.472,55.9925,65.5152
10.57,115.476,55.9915,65.5208
10.58,115.48,55.9905,65.5262
10.59,115.484,55.9896,65.5316
10.6,115.488,55.9886,65.537
10.61,115.492,55.9877,65.5424
10.62,115.496,55.9868,65.5478
10.63,115.5,55.9859,65.5532
10.64,115.504,55.985,65.5583
10.65,115.508,55.9841,65.5635
10.66,115.512,55.9832,65.5686
10.67,115.516,55.9822,65.5737
10.68,115.52,55.9813,65.5788
10.69,115.523,55.9804,65.5837
10.7,115.527,55.9796,65.5886
10.71,115.531,55.9788,65.5935
10.72,115.534,55.9779,65.5984
10.73,115.538,55.9771,65.6033
10.74,115.542,55.9763,65.608
10.75,115.545,55.9754,65.6126
10.76,115.549,55.9746,65.6173
10.77,115.552,55.9738,65.622
10.78,115.556,55.973,65.6267
10.79,115.559,55.9721,65.6311
10.8,115.562,55.9713,65.6356
10.81,115.566,55.9706,65.64
10.82,115.569,55.9698,65.6445
10.83,115.573,55.9691,65.649
10.84,115.576,55.9684,65.6532
10.85,115.579,55.9676,65.6575
10.86,115.583,55.9669,65.6617
10.87,115.586,55.9662,65.666
10.88,115.589,55.9654,65.6702
10.89,115.592,55.9647,65.6743
10.9,115.595,55.9639,65.6784
10.91,115.598,55.9632,65.6824
10.92,115.601,55.9625,65.6865
10.93,115.604,55.9617,65.6906
10.94,115.607,55.9611,65.6944
10.95,115.61,55.9604,65.6983
10.96,115.613,55.9598,65.7021
10.97,115.616,55.9591,65.706
10.98,115.619,55.9584,65.7099
10.99,115.622,55.9578,65.7137
11,115.624,55.9571,65.7174
11.01,115.627,55.9565,65.7211
11.02,115.63,55.9558,65.7247
11.03,115.633,55.9552,65.7284
11.04,115.635,55.9545,65.7321
11.05,115.638,55.9539,65.7356
11.06,115.641,55.9532,65.7391
11.07,115.644,55.9526,65.7426
11.08,115.646,55.9521,65.7461
11.09,115.649,55.9515,65.7496
11.1,115.651,55.9509,65.7529
11.11,115.654,55.9503,65.7563
11.12,115.656,55.9498,65.7596
11.13,115.659,55.9492,65.763
11.14,115.661,55.9486,65.7663
11.15,115.664,55.9481,65.7695
11.16,115.667,55.9475,65.7727
11.17,115.669,55.9469,65.7759
11.18,115.671,55.9463,65.7791
11.19,115.674,55.9458,65.7823
11.2,115.676,55.9452,65.7853
11.21,115.678,55.9446,65.7883
11.22,115.681,55.9441,65.7914
11.23,115.683,55.9436,65.7944
11.24,115.685,55.9431,65.7975
11.25,115.687,55.9426,65.8005
11.26,115.69,55.9421,65.8033
11.27,115.692,55.9416,65.8062
11.28,115.694,55.9411,65.809
11.29,115.696,55.9406,65.8119
11.3,115.698,55.9401,65.8147
11.31,115.701,55.9396,65.8176
11.32,115.703,55.9391,65.8204
11.33,115.705,55.9386,65.8231
11.34,115.707,55.9382,65.8258
11.35,115.709,55.9377,65.8284
11.36,115.711,55.9372,65.8311
11.37,115.713,55.9367,65.8338
11.38,115.715,55.9362,65.8364
11.39,115.717,55.9358,65.8391
11.4,115.719,55.9353,65.8418
11.41,115.721,55.9349,65.8443
11.42,115.723,55.9345,65.8467
11.43,115.725,55.9341,65.8492
11.44,115.727,55.9336,65.8517
11.45,115.729,55.9332,65.8542
11.46,115.73,55.9328,65.8567
11.47,115.732,55.9324,65.8591
11.48,115.734,55.9319,65.8614
11.49,115.736,55.9315,65.8638
11.5,115.738,55.9311,65.8661
11.51,115.74,55.9307,65.8684
11.52,115.741,55.9302,65.8707
11.53,115.743,55.9298,65.873
11.54,115.745,55.9294,65.8753
11.55,115.746,55.929,65.8776
11.56,115.748,55.9287,65.8799
11.57,115.75,55.9283,65.882
11.58,115.752,55.9279,65.8842
11.59,115.753,55.9276,65.8863
11.6,115.755,55.9272,65.8884
11.61,115.757,55.9268,65.8905
11.62,115.758,55.9265,65.8926
11.63,115.76,55.9261,65.8947
11.64,115.761,55.9257,65.8968
11.65,115.763,55.9254,65.8989
11.66,115.764,55.925,65.9011
11.67,115.766,55.9246,65.903
11.68,115.767,55.9243,65.9049
11.69,115.769,55.9239,65.9068
11.7,115.77,55.9235,65.9088
11.71,115.772,55.9232,65.9107
11.72,115.773,55.9229,65.9126
11.73,115.775,55.9226,65.9145
11.74,115.776,55.9223,65.9165
11.75,115.778,55.922,65.9184
11.76,115.779,55.9217,65.9203
11.77,115.78,55.9214,65.9221
11.78,115.782,55.921,65.9238
11.79,115.783,55.9207,65.9256
11.8,115.785,55.9204,65.9273
11.81,115.786,55.9201,65.929
11.82,115.787,55.9198,65.9308
11.83,115.789,55.9195,65.9325
11.84,115.79,55.9192,65.9343
11.85,115.791,55.9189,65.936
11.86,115.793,55.9186,65.9378
11.87,115.794,55.9183,65.9395
11.88,115.795,55.9179,65.9411
11.89,115.796,55.9176,65.9427
11.9,115.798,55.9174,65.9443
11.91,115.799,55.9171,65.9459
11.92,115.8,55.9169,65.9474
11.93,115.801,55.9166,65.949
11.94,115.802,55.9163,65.9506
11.95,115.804,55.9161,65.9522
11.96,115.805,55.9158,65.9538
11.97,115.806,55.9156,65.9554
11.98,115.807,55.9153,65.9568
11.99,115.808,55.915,65.9583
12,115.81,55.9148,65.9597
12.01,115.811,55.9145,65.9612
12.02,115.812,55.9143,65.9626
12.03,115.813,55.914,65.9641
12.04,115.814,55.9137,65.9655
12.05,115.815,55.9135,65.9669
12.06,115.816,55.9132,65.9684
12.07,115.817,55.913,65.9698
12.08,115.818,55.9127,65.9712
12.09,115.819,55.9124,65.9725
12.1,115.82,55.9122,65.9738
12.11,115.821,55.912,65.9751
12.12,115.822,55.9118,65.9764
12.13,115.823,55.9116,65.9777
12.14,115.824,55.9114,65.979
12.15,115.825,55.9112,65.9803
12.16,115.826,55.9109,65.9817
12.17,115.828,55.9107,65.983
12.18,115.829,55.9105,65.9843
12.19,115.829,55.9103,65.9855
12.2,115.83,55.9101,65.9867
12.21,115.831,55.9099,65.9879
12.22,115.832,55.9097,65.989
12.23,115.833,55.9095,65.9902
12.24,115.834,55.9092,65.9914
12.25,115.835,55.909,65.9926
12.26,115.836,55.9088,65.9938
12.27,115.837,55.9086,65.995
12.28,115.838,55.9084,65.9962
12.29,115.838,55.9082,65.9973
12.3,115.839,55.908,65.9984
12.31,115.84,55.9077,65.9994
12.32,115.841,55.9076,66.0005
12.33,115.842,55.9074,66.0016
12.34,115.843,55.9072,66.0027
12.35,115.844,55.907,66.0038
12.36,115.845,55.9068,66.0048
12.37,115.845,55.9066,66.0059
12.38,115.846,55.9064,66.007
12.39,115.847,55.9062,66.0081
12.4,115.848,55.906,66.0091
12.41,115.849,55.9059,66.0102
